,City,Cloudiness,Date,Humidity,Lat,Lng,Max_temp,Wind_speed
0,saint-joseph,70,1572895780,87,43.56,6.97,17.22,2.6
1,tasiilaq,100,1572895781,86,65.61,-37.64,-1.0,5.1
2,lompoc,1,1572895781,26,34.64,-120.46,24.0,2.6
3,arraial do cabo,22,1572895781,69,-22.97,-42.02,30.0,5.7
4,tineo,40,1572895782,71,43.34,-6.41,12.78,6.2
5,ballina,75,1572895782,93,54.11,-9.15,11.67,3.6
6,shingu,0,1572895783,61,33.72,135.99,13.36,2.95
7,kapaa,90,1572895587,94,22.08,-159.32,24.0,3.1
8,pisco,99,1572895783,30,-13.71,-76.2,22.0,9.3
9,kodiak,90,1572895784,53,39.95,-94.76,10.0,4.1
10,sao filipe,67,1572895784,60,14.9,-24.5,27.33,4.45
11,caravelas,3,1572895784,56,-17.73,-39.27,31.14,5.95
12,cape town,57,1572895784,77,-33.93,18.42,20.56,4.6
13,rikitea,100,1572895547,92,-23.12,-134.97,24.03,5.74
14,kavieng,100,1572895785,89,-2.57,150.8,25.41,13.58
15,ostrovnoy,75,1572895785,84,68.05,39.51,-5.57,11.89
16,aljustrel,75,1572895785,100,37.88,-8.16,16.11,4.1
17,iqaluit,75,1572895618,79,63.75,-68.52,-6.0,2.6
18,ushuaia,75,1572895304,87,-54.81,-68.31,9.0,11.3
19,victoria,75,1572895565,88,5.28,115.24,26.0,1.0
20,atbasar,99,1572895786,92,51.81,68.36,-3.71,5.26
21,bredasdorp,50,1572895786,72,-34.53,20.04,18.89,6.7
22,atuona,2,1572895787,75,-9.8,-139.03,26.92,7.63
23,denpasar,20,1572895655,94,-8.65,115.22,25.0,0.5
24,sambava,1,1572895787,95,-14.27,50.17,21.43,1.06
25,temnikov,100,1572895787,73,54.63,43.21,4.32,5.8
26,ewo,100,1572895788,87,-0.88,14.81,23.59,1.41
27,bowen,40,1572895788,93,-20.01,148.25,20.0,2.1
28,fukue,20,1572895788,54,35.03,136.69,13.0,6.7
29,mataura,100,1572895788,61,-46.19,168.86,16.67,2.68
30,tautira,40,1572895788,83,-17.73,-149.15,27.0,4.1
31,povenets,9,1572895789,92,62.85,34.83,-7.6,2.0
32,garden city,1,1572895789,34,43.62,-116.24,12.78,1.54
33,jamestown,0,1572895667,95,-33.21,138.6,4.73,1.63
34,vaini,82,1572895789,90,15.34,74.49,21.58,0.18
35,puerto ayora,75,1572895789,61,-0.74,-90.35,26.0,5.7
36,lagoa,20,1572895790,88,37.14,-8.45,18.33,6.2
37,airai,3,1572895790,68,-8.93,125.41,19.52,1.74
38,avarua,100,1572895790,73,-21.21,-159.78,22.0,2.1
39,albany,90,1572895590,37,42.65,-73.75,11.11,5.7
40,chuy,86,1572895790,80,-33.69,-53.46,18.49,3.24
41,barrow,36,1572895791,46,-38.31,-60.23,20.35,6.31
42,mar del plata,0,1572895791,23,-46.43,-67.52,16.48,11.17
43,saint george,20,1572895791,100,39.45,22.34,16.0,2.1
44,dikson,100,1572895791,87,73.51,80.55,-13.93,9.46
45,mahebourg,40,1572895601,88,-20.41,57.7,23.89,5.1
46,ambilobe,61,1572895792,67,-13.19,49.05,25.93,5.77
47,rapid valley,75,1572895792,64,44.06,-103.15,4.44,5.7
48,mineros,40,1572895792,39,-17.12,-63.23,35.0,13.9
49,hermanus,82,1572895793,75,-34.42,19.24,22.78,4.47
50,busselton,0,1572895793,70,-33.64,115.35,9.44,2.31
51,sorland,40,1572895793,69,67.67,12.69,3.0,6.2
52,punta arenas,90,1572895793,76,-53.16,-70.91,9.0,18.5
53,port alfred,19,1572895793,80,-33.59,26.89,19.44,3.13
54,fuxin,5,1572895794,52,42.02,121.65,5.34,5.0
55,torbay,20,1572895693,70,47.66,-52.73,8.33,7.2
56,kavaratti,37,1572895636,79,10.57,72.64,27.39,4.42
57,krumovgrad,98,1572895794,86,41.47,25.65,19.44,4.02
58,geraldton,75,1572895794,59,49.72,-86.95,3.0,1.5
59,cortez,1,1572895795,14,37.35,-108.58,16.11,3.6
60,eyl,100,1572895795,76,7.98,49.82,26.69,3.49
61,bluff,38,1572895795,80,-23.58,149.07,21.44,2.23
62,mattawa,90,1572895795,93,46.32,-78.7,4.44,6.7
63,muchkapskiy,88,1572895795,73,51.85,42.48,3.78,7.16
64,lucapa,23,1572895796,78,-8.42,20.74,22.86,2.07
65,chipata,93,1572895796,40,-13.64,32.65,27.19,2.5
66,tuatapere,87,1572895797,61,-46.13,167.69,16.67,2.68
67,bafia,48,1572895797,92,4.74,11.22,21.92,1.46
68,gemena,96,1572895797,79,3.25,19.78,24.01,1.3
69,iiyama,3,1572895797,100,36.89,138.38,5.56,1.39
70,chimbote,20,1572895798,57,-9.08,-78.59,23.06,4.97
71,yellowknife,75,1572895715,85,62.45,-114.38,-8.89,3.1
72,sarakhs,100,1572895798,43,36.54,61.16,8.02,1.01
73,zhezkazgan,98,1572895798,94,47.8,67.71,-0.22,2.97
74,taltal,0,1572895798,60,-25.41,-70.49,17.26,4.61
75,suntar,79,1572895799,86,62.16,117.65,-15.09,2.49
76,auki,87,1572895799,19,12.18,6.51,28.34,2.71
77,ancud,19,1572895799,65,-41.87,-73.83,11.01,5.16
78,broome,40,1572895799,100,52.47,1.45,9.44,1.0
79,sioux city,40,1572895799,53,42.5,-96.41,8.0,4.6
80,xacmaz,0,1572895800,60,41.46,48.81,13.12,1.36
81,severnoye,100,1572895800,47,54.09,52.54,-1.39,7.53
82,krasnovishersk,100,1572895800,98,60.4,57.08,1.45,5.19
83,tarakan,80,1572895800,90,3.3,117.63,24.84,3.31
84,ribeira grande,40,1572895801,72,38.52,-28.7,17.0,7.7
85,golden,40,1572895801,52,39.76,-105.22,11.11,3.6
86,hasaki,21,1572895801,100,35.73,140.83,6.0,1.0
87,sao mateus,3,1572895802,69,-18.72,-39.86,26.85,3.48
88,waipawa,0,1572895802,72,-39.94,176.59,16.67,3.58
89,hannibal,1,1572895802,60,39.71,-91.36,11.11,2.6
90,nantucket,1,1572895802,43,41.28,-70.1,11.11,4.1
91,thompson,75,1572895802,72,55.74,-97.86,-12.0,6.7
92,cherskiy,96,1572895803,85,68.75,161.3,-12.65,1.67
93,new norfolk,20,1572895669,70,-42.78,147.06,6.67,4.1
94,uberaba,75,1572895803,33,-19.75,-47.94,33.0,3.1
95,soyo,20,1572895804,88,-6.13,12.37,27.0,3.1
96,tromso,40,1572895804,86,69.65,18.96,-1.0,8.7
97,qaanaaq,100,1572895804,88,77.48,-69.36,-10.26,2.65
98,guerrero negro,0,1572895804,39,27.97,-114.04,25.5,5.28
99,hithadhoo,46,1572895805,73,-0.6,73.08,27.38,1.87
100,cabo san lucas,75,1572895738,62,22.89,-109.91,31.11,1.5
101,dafeng,0,1572895805,67,33.2,120.46,9.77,2.8
102,san ramon,40,1572895805,69,12.92,-85.84,24.0,4.1
103,hilo,1,1572895805,65,19.71,-155.08,28.0,2.1
104,cao bang,18,1572895806,75,22.67,106.25,14.29,1.47
105,sydney,20,1572895673,77,-33.85,151.22,15.56,7.2
106,upernavik,43,1572895610,62,72.79,-56.15,-8.91,3.23
107,bud,0,1572895807,58,62.91,6.91,2.0,4.1
108,saint-philippe,90,1572895807,56,45.36,-73.48,8.0,5.7
109,sur,6,1572895575,75,22.57,59.53,26.02,3.91
110,vila velha,20,1572895578,62,-3.71,-38.6,30.0,6.7
111,hobart,20,1572895808,70,-42.88,147.33,6.67,4.1
112,castro,56,1572895809,73,-42.48,-73.76,7.96,3.28
113,port macquarie,75,1572895809,72,-31.43,152.91,16.0,1.0
114,trairi,35,1572895708,44,-3.28,-39.27,32.33,5.81
115,san cristobal,68,1572895809,61,14.68,-86.92,25.65,1.56
116,santa cruz,28,1572895771,38,-6.22,-36.02,32.7,5.56
117,dingle,31,1572895810,88,11.0,122.67,23.5,1.51
118,alvorada,90,1572895810,100,-30.0,-51.08,21.11,5.1
119,palmer,20,1572895810,62,-34.85,139.16,13.0,3.1
120,arcata,1,1572895559,81,40.87,-124.08,17.78,2.1
121,port lincoln,79,1572895811,80,-34.72,135.86,9.93,3.45
122,rondonopolis,79,1572895811,42,-16.46,-54.64,33.13,2.56
123,port elizabeth,1,1572895811,35,39.31,-74.98,16.11,4.1
124,bandarbeyla,100,1572895811,81,9.49,50.81,27.25,6.07
125,college,1,1572895812,84,64.86,-147.8,-10.57,2.1
126,chokurdakh,95,1572895812,88,70.62,147.9,-19.23,1.02
127,kalmunai,48,1572895812,81,7.42,81.82,26.76,4.33
128,fortuna,1,1572895813,59,40.6,-124.16,18.33,2.49
129,butaritari,46,1572895599,71,3.07,172.79,28.58,6.36
130,moron,0,1572895813,69,18.56,-74.26,27.82,6.97
131,tuktoyaktuk,90,1572895813,85,69.44,-133.03,-8.0,3.1
132,buzuluk,39,1572895814,46,52.79,52.25,-2.21,5.75
133,mount gambier,90,1572895560,93,-37.83,140.78,6.0,4.1
134,quesnel,75,1572895814,93,52.98,-122.49,8.0,2.6
135,teknaf,8,1572895814,91,20.86,92.31,21.09,0.77
136,faanui,13,1572895815,76,-16.48,-151.75,26.73,1.45
137,narsaq,100,1572895815,57,60.91,-46.05,1.76,11.18
138,mandali,0,1572895815,31,33.75,45.55,21.65,5.81
139,coquimbo,0,1572895815,81,-29.95,-71.34,14.13,10.87
140,carnarvon,0,1572895815,27,-30.97,22.13,21.42,6.86
141,bathsheba,40,1572895816,70,13.22,-59.52,30.0,7.2
142,lasa,20,1572895816,72,34.92,32.53,20.0,3.1
143,alofi,100,1572895816,68,-19.06,-169.92,22.44,5.18
144,kaitangata,100,1572895817,92,-46.28,169.85,13.33,4.28
145,east london,20,1572895563,88,-33.02,27.91,18.0,3.6
146,clyde river,75,1572895817,85,70.47,-68.59,-8.0,7.7
147,talnakh,75,1572895817,77,69.49,88.39,-18.0,7.0
148,port blair,100,1572895818,85,11.67,92.75,27.24,9.13
149,varna,75,1572895818,64,43.22,27.9,21.0,5.1
150,hofn,90,1572895818,82,64.25,-15.21,0.0,2.1
151,bambous virieux,40,1572895818,88,-20.34,57.76,23.89,5.1
152,lerwick,40,1572895787,65,60.15,-1.15,7.0,9.8
153,saldanha,36,1572895819,84,41.42,-6.55,6.91,5.53
154,kimparana,17,1572895819,29,12.83,-4.92,32.22,2.78
155,shebekino,40,1572895819,81,50.41,36.89,11.0,6.0
156,nhulunbuy,100,1572895819,88,-12.18,136.78,25.0,4.72
157,nikolskoye,75,1572895820,86,59.7,30.79,1.11,6.0
158,maceio,40,1572895704,65,-9.67,-35.74,28.0,6.7
159,aktau,90,1572895820,80,43.65,51.16,4.0,7.0
160,saskylakh,81,1572895820,96,71.97,114.09,-24.72,3.44
161,middelkerke,40,1572895821,87,51.19,2.82,10.56,4.1
162,laguna,75,1572895704,78,16.17,-88.94,28.0,2.1
163,emerald,90,1572895821,78,-23.53,148.16,23.0,1.5
164,paamiut,100,1572895821,81,61.99,-49.67,1.68,7.66
165,kutum,0,1572895822,23,14.2,24.66,21.95,2.72
166,lazaro cardenas,75,1572895822,41,28.39,-105.62,25.0,1.36
167,bay-khaak,6,1572895822,65,51.16,94.47,-4.91,2.94
168,ponta do sol,43,1572895822,77,-20.63,-46.0,23.51,3.03
169,georgetown,75,1572895718,88,6.8,-58.16,26.0,2.1
170,atasu,100,1572895823,88,48.68,71.64,-0.32,5.77
171,garmsar,0,1572895823,52,35.22,52.34,15.0,0.75
172,palestine,40,1572895823,64,31.76,-95.63,23.89,5.1
173,opuwo,99,1572895823,32,-18.06,13.84,25.55,4.62
174,roald,0,1572895824,69,62.58,6.12,2.0,7.2
175,celestun,1,1572895824,84,20.87,-90.4,26.77,8.33
176,poum,40,1572895824,71,41.28,20.71,14.0,4.1
177,sobolevo,100,1572895824,93,54.43,31.9,10.78,6.15
178,satka,100,1572895825,58,55.04,59.03,-2.94,3.65
179,shelbyville,40,1572895825,40,39.41,-88.79,12.22,4.1
180,namibe,95,1572895825,85,-15.19,12.15,22.64,4.51
181,krasnyy chikoy,81,1572895825,64,50.36,108.75,-7.49,1.3
182,puerto colombia,40,1572895826,79,10.99,-74.96,29.0,5.7
183,paka,66,1572895826,95,4.15,15.03,20.55,0.34
184,tiruchchendur,11,1572895826,82,8.48,78.12,26.22,1.06
185,katsuura,20,1572895826,81,33.93,134.5,10.0,3.1
186,isangel,75,1572895826,73,-19.55,169.27,23.0,2.6
187,ulladulla,90,1572895827,87,-35.36,150.48,12.0,2.6
188,half moon bay,90,1572895827,87,37.46,-122.43,24.44,3.6
189,khatanga,83,1572895827,97,71.98,102.47,-20.62,5.0
190,saint-pierre,90,1572895828,93,48.95,4.24,11.0,6.7
191,shanghai,0,1572895828,82,31.23,121.49,15.56,3.0
192,marzuq,38,1572895828,64,14.4,46.47,19.63,1.14
193,los llanos de aridane,20,1572895828,73,28.66,-17.92,22.0,6.2
194,lebu,0,1572895828,82,8.96,38.73,9.6,1.09
195,ahipara,0,1572895829,100,-35.17,173.16,16.11,2.64
196,humaita,40,1572895829,40,-24.93,-65.37,34.0,3.6
197,nemuro,43,1572895829,75,43.32,145.57,6.26,7.84
198,omboue,100,1572895829,96,-1.57,9.26,22.82,0.71
199,tocopilla,63,1572895829,26,-22.09,-70.2,21.44,3.83
200,rafaela,35,1572895830,78,-31.25,-61.49,25.56,1.34
201,herat,100,1572895830,53,34.35,62.22,5.52,5.85
202,votkinsk,100,1572895830,79,57.05,53.99,1.67,1.79
203,spearfish,90,1572895830,76,44.49,-103.86,3.89,4.1
204,sinnar,0,1572895831,79,19.85,74.0,20.82,0.52
205,tamworth,75,1572895831,82,-31.09,150.93,13.0,8.7
206,matagami,32,1572895831,39,9.67,8.4,21.43,2.04
207,algiers,1,1572895656,37,29.94,-90.04,23.0,2.1
208,mantua,40,1572895831,87,45.16,10.79,15.0,2.6
209,darab,0,1572895832,21,28.75,54.55,17.76,0.17
210,arman,100,1572895832,72,59.7,150.17,0.99,6.71
211,cuamba,50,1572895832,61,-14.8,36.54,24.34,2.71
212,liyang,0,1572895832,93,31.42,119.48,10.0,2.13
213,hay river,90,1572895833,92,60.82,-115.79,-9.0,2.1
214,hovd,0,1572895833,62,63.83,10.7,0.0,3.6
215,kapra,40,1572895833,100,17.48,78.56,23.33,2.1
216,klaksvik,100,1572895833,74,62.23,-6.59,3.0,5.7
217,garissa,29,1572895694,55,-0.46,39.64,28.45,8.98
218,salalah,75,1572895834,78,17.01,54.1,28.0,2.1
219,aksu,90,1572895834,92,52.04,76.93,-1.0,3.0
220,tawang,0,1572895834,89,27.59,91.87,-1.97,1.32
221,acapulco,75,1572895834,70,16.86,-99.88,31.0,2.1
222,port-gentil,40,1572895835,88,-0.72,8.78,27.0,2.6
223,mangrol,32,1572895835,40,25.33,76.51,22.94,2.63
224,rosita,3,1572895835,92,13.92,-84.4,26.17,1.35
225,champerico,40,1572895835,54,16.38,-93.6,29.0,2.1
226,tiksi,96,1572895807,91,71.64,128.87,-21.22,2.12
227,suleja,15,1572895836,74,9.18,7.18,27.0,1.0
228,vad,81,1572895836,81,45.79,25.15,14.44,2.68
229,venice,75,1572895687,66,27.1,-82.45,30.56,2.1
230,presidente dutra,56,1572895837,69,-5.29,-44.49,27.08,2.32
231,chumikan,71,1572895837,74,54.72,135.31,-6.96,0.55
232,hobyo,100,1572895837,78,5.35,48.53,26.36,5.66
233,hachinohe,20,1572895837,80,40.47,141.48,6.67,2.6
234,alice springs,3,1572895838,23,-23.7,133.88,12.0,1.5
235,estelle,100,1572895838,87,43.97,3.47,14.44,5.1
236,biskamzha,100,1572895838,96,53.45,89.53,-3.45,1.11
237,provideniya,0,1572895558,90,64.42,-173.23,-8.85,1.12
238,kawai,75,1572895839,62,34.58,135.74,14.0,6.2
239,ucluelet,90,1572895652,87,48.94,-125.55,10.56,1.5
240,port hedland,10,1572895839,68,-20.31,118.58,19.0,3.1
241,port hardy,20,1572895839,81,50.7,-127.42,12.0,1.0
242,sangar,100,1572895840,96,63.92,127.47,-16.85,3.57
243,ratnapura,0,1572895840,79,17.9,77.63,21.66,0.82
244,nortelandia,53,1572895840,40,-14.45,-56.8,32.72,2.39
245,souillac,100,1572895840,87,45.6,-0.6,10.0,4.1
246,numazu,64,1572895841,70,35.1,138.87,11.67,1.79
247,gazli,0,1572895841,62,40.13,63.45,-0.96,2.63
248,karpogory,22,1572895841,95,64.0,44.44,-5.5,2.68
249,cidreira,100,1572895841,96,-30.17,-50.22,20.8,8.79
250,westport,1,1572895688,40,41.14,-73.36,13.33,2.1
251,rancho veloz,40,1572895842,52,22.88,-80.39,31.0,6.2
252,touros,75,1572895842,65,-5.2,-35.46,28.0,7.2
253,camargo,100,1572895842,35,27.69,-105.17,25.54,0.68
254,husavik,71,1572895842,56,50.56,-96.99,-3.89,4.92
255,nelidovo,100,1572895843,89,56.22,32.78,11.09,4.93
256,valdivia,0,1572895843,40,-39.81,-73.25,13.7,3.24
257,koygorodok,100,1572895843,97,60.44,51.01,2.17,2.47
258,manokwari,100,1572895805,65,-0.87,134.08,23.21,2.21
259,port lavaca,40,1572895843,54,28.61,-96.63,28.89,4.1
260,burnie,1,1572895844,82,-41.05,145.91,5.0,2.68
261,severo-kurilsk,33,1572895844,94,50.68,156.12,-0.03,1.09
262,riyadh,0,1572895643,28,24.63,46.72,28.0,1.5
263,fairbanks,1,1572895629,84,64.84,-147.72,-10.57,2.1
264,rawson,0,1572895845,56,-43.3,-65.11,11.9,5.04
265,verkhoyansk,100,1572895845,90,67.55,133.39,-20.34,1.12
266,alyangula,79,1572895845,94,-13.85,136.42,25.0,3.0
267,bergkamen,77,1572895845,93,51.61,7.64,10.56,3.1
268,luderitz,94,1572895846,93,-26.65,15.16,15.0,10.3
269,boyolangu,93,1572895846,85,-8.09,111.9,23.28,2.65
270,jesus carranza,1,1572895846,19,31.49,-106.24,25.56,4.5
271,gros islet,40,1572895846,70,14.07,-60.95,31.0,9.3
272,pevek,100,1572895846,82,69.7,170.27,-12.16,2.9
273,mareeba,73,1572895846,94,-16.99,145.42,20.0,0.5
274,kenora,90,1572895847,62,49.76,-94.48,-4.0,5.7
275,ust-maya,100,1572895847,95,60.42,134.54,-12.13,2.01
276,henties bay,56,1572895847,49,-22.12,14.28,19.19,0.79
277,bethanien,18,1572895847,10,-26.5,17.16,23.61,2.57
278,wadi maliz,0,1572895847,77,36.47,8.55,18.0,1.5
279,kemise,13,1572895848,70,10.72,39.87,17.49,1.55
280,liverpool,40,1572895690,100,53.41,-2.98,9.44,3.1
281,todos santos,75,1572895848,62,23.45,-110.23,31.11,1.5
282,arequipa,64,1572895594,45,-16.4,-71.54,19.0,5.7
283,rovaniemi,90,1572895849,92,66.5,25.72,-10.0,3.1
284,silver city,1,1572895849,13,32.77,-108.28,23.89,6.7
285,grahamstown,23,1572895849,80,-33.31,26.53,19.44,3.13
286,cockburn town,40,1572895849,69,21.46,-71.14,28.0,4.1
287,pavilosta,100,1572895850,100,56.89,21.19,7.0,6.2
288,sitka,33,1572895550,43,37.17,-99.65,15.56,6.26
289,meulaboh,64,1572895850,81,4.14,96.13,25.69,1.33
290,garhi khairo,0,1572895851,30,28.06,67.98,24.72,1.78
291,san juan,0,1572895851,14,-31.54,-68.53,31.28,6.46
292,basco,1,1572895851,61,40.33,-91.2,11.11,4.1
293,bonavista,0,1572895851,67,48.65,-53.11,7.78,2.24
294,bethel,1,1572895851,78,60.79,-161.76,-9.0,10.3
295,komsomolskiy,100,1572895852,94,67.55,63.78,-6.88,9.28
296,la roda,83,1572895852,67,39.21,-2.16,14.0,3.1
297,ovalle,74,1572895852,29,-30.6,-71.2,22.63,3.14
298,naze,40,1572895852,83,5.43,7.07,27.0,2.1
299,ketchikan,90,1572895797,87,55.34,-131.65,12.0,3.6
300,bibiani,100,1572895853,97,6.45,-2.31,22.91,0.49
301,isilkul,0,1572895853,71,54.9,71.26,-4.54,1.24
302,olesno,75,1572895853,81,50.88,18.42,10.0,5.7
303,lucenec,20,1572895854,93,48.33,19.67,7.0,1.5
304,kahului,1,1572895442,58,20.89,-156.47,28.0,2.6
305,piacabucu,36,1572895854,78,-10.41,-36.43,25.48,5.85
306,whitehorse,90,1572895854,74,60.72,-135.06,-1.0,5.7
307,brae,30,1572895854,70,60.4,-1.35,7.0,7.2
308,hanstholm,100,1572895855,91,57.12,8.61,6.11,4.92
309,scarborough,100,1572895826,94,54.28,-0.41,10.56,0.89
310,dickinson,90,1572895855,73,46.88,-102.79,-2.78,3.6
311,savannah bight,40,1572895856,74,16.45,-85.85,30.0,2.1
312,velikiy ustyug,100,1572895856,91,60.76,46.3,-1.47,2.06
313,juneau,90,1572895857,100,58.3,-134.42,6.11,2.1
314,carutapera,11,1572895857,76,-1.2,-46.02,27.66,7.65
315,slavutych,63,1572895857,83,51.52,30.76,13.2,7.11
316,royan,100,1572895857,87,45.62,-1.03,14.0,4.1
317,luhyny,86,1572895857,73,51.08,28.4,12.64,3.85
318,luanda,75,1572895858,78,-8.83,13.24,27.0,4.1
319,santa cruz cabralia,20,1572895858,65,-16.28,-39.02,28.0,8.2
320,nenjiang,46,1572895858,75,49.17,125.23,-5.68,5.54
321,baghdad,0,1572895858,52,33.3,44.38,20.0,3.6
322,promissao,68,1572895858,34,-21.54,-49.86,32.51,3.01
323,grindavik,40,1572895859,86,63.84,-22.43,3.0,5.1
324,altay,33,1572895859,59,47.83,88.13,1.28,2.5
325,chicama,90,1572895859,77,-7.84,-79.15,19.0,5.7
326,dauphin,20,1572895650,48,51.15,-100.04,-6.0,6.7
327,kamenka,29,1572895859,79,48.03,28.7,14.44,6.29
328,hamilton,75,1572895860,53,43.26,-79.87,12.78,12.3
329,vardo,1,1572895860,26,39.62,-77.74,15.56,8.2
330,fort nelson,90,1572895860,79,58.81,-122.69,-3.0,3.1
331,kutulik,100,1572895860,73,53.35,102.79,-5.48,1.41
332,iquique,20,1572895861,60,-20.22,-70.14,20.0,7.2
333,ulety,100,1572895861,57,51.36,112.48,-8.13,0.97
334,astana,90,1572895861,92,51.13,71.43,-1.0,3.0
335,hongjiang,0,1572895861,82,27.21,109.83,10.05,0.96
336,paulo ramos,58,1572895861,58,-4.45,-45.24,29.44,1.48
337,banda aceh,24,1572895862,86,5.56,95.32,22.12,1.57
338,slupca,6,1572895862,92,52.29,17.87,10.56,3.13
339,loandjili,40,1572895862,83,-4.77,11.87,26.0,1.5
340,marrakesh,0,1572895862,56,31.63,-7.99,22.0,2.1
341,port-cartier,75,1572895862,51,50.03,-66.88,4.44,5.7
342,matai,20,1572895863,52,-8.3,31.52,21.0,3.1
343,margate,20,1572895773,70,-43.03,147.26,6.67,4.1
344,makakilo city,1,1572895863,78,21.35,-158.09,27.78,2.1
345,kimbe,100,1572895864,97,-5.56,150.15,19.86,1.1
346,padang,73,1572895864,92,-0.92,100.36,17.91,0.91
347,obama,5,1572895864,85,35.49,135.74,10.0,4.67
348,jishou,81,1572895864,84,28.26,109.7,10.49,1.19
349,codrington,0,1572895865,88,-28.95,153.24,19.44,2.6
350,warrington,40,1572895865,100,53.39,-2.59,9.44,3.1
351,pochutla,20,1572895865,62,15.74,-96.47,32.22,2.69
352,aklavik,75,1572895865,73,68.22,-135.01,-5.0,3.1
353,sheridan,40,1572895682,52,39.65,-105.03,11.11,3.6
354,magdagachi,100,1572895866,91,53.45,125.8,-8.44,4.4
355,fairview,75,1572895866,73,56.07,-118.38,-1.11,2.6
356,sisimiut,100,1572895867,68,66.94,-53.67,-5.72,2.06
357,kununurra,40,1572895867,83,-15.77,128.74,25.0,3.1
358,beringovskiy,1,1572895634,82,63.05,179.32,-1.0,2.08
359,yangjiang,0,1572895867,51,21.85,111.96,17.04,2.48
360,eucaliptus,40,1572895868,37,-17.6,-67.51,21.0,4.1
361,eirunepe,92,1572895868,91,-6.66,-69.87,24.83,1.09
362,doka,0,1572895868,36,13.52,35.76,27.72,2.39
363,avera,75,1572895868,51,33.19,-82.53,19.0,2.22
364,ventspils,90,1572895868,93,57.39,21.56,6.0,7.7
365,shepsi,69,1572895869,53,44.04,39.15,17.19,5.31
366,pesochnoye,100,1572895869,91,58.01,39.18,8.84,6.52
367,tamandare,55,1572895869,59,-8.28,-70.75,29.62,2.17
368,shahreza,0,1572895869,60,32.01,51.87,7.22,1.6
369,jumla,0,1572895869,75,29.28,82.18,1.17,1.73
370,xining,98,1572895870,73,36.62,101.77,1.8,1.47
371,pareora,100,1572895870,97,-44.49,171.21,11.67,1.82
372,biak,33,1572895870,74,-0.91,122.88,26.98,4.09
373,badou,0,1572895871,87,7.58,0.61,23.23,1.13
374,challans,40,1572895871,76,46.85,-1.88,13.0,4.1
375,skibbereen,75,1572895871,87,51.55,-9.27,9.0,7.7
376,englehart,90,1572895871,99,47.82,-79.87,0.0,4.6
377,santiago,91,1572895572,98,16.69,121.54,22.25,0.92
378,san borja,63,1572895872,36,-14.86,-66.75,35.41,2.75
379,atikokan,100,1572895873,84,48.76,-91.62,-1.89,4.51
380,urusha,88,1572895873,71,54.05,122.9,-11.13,4.76
381,udachnyy,75,1572895873,83,66.42,112.4,-26.0,3.0
382,kikwit,100,1572895873,94,-5.04,18.82,22.21,0.56
383,marsa matruh,0,1572895873,78,31.35,27.25,22.0,1.0
384,urengoy,100,1572895874,93,65.96,78.37,-14.67,7.23
385,gohana,0,1572895874,39,29.14,76.7,21.52,1.88
386,melo,100,1572895874,97,-32.37,-54.17,14.28,3.85
387,san policarpo,100,1572895875,86,12.18,125.51,26.62,4.45
388,nouadhibou,0,1572895875,60,20.93,-17.03,24.0,6.7
389,prainha,62,1572895875,52,-1.8,-53.48,31.87,2.03
390,menongue,100,1572895875,87,-14.66,17.68,17.59,3.98
391,madawaska,1,1572895875,41,47.36,-68.32,6.11,6.7
392,vegreville,100,1572895876,83,53.5,-112.05,-2.22,1.34
393,ilulissat,40,1572895876,48,69.22,-51.1,-7.0,2.1
394,erenhot,29,1572895876,69,43.65,111.97,2.02,4.52
395,kargasok,0,1572895876,85,59.06,80.87,-9.28,0.91
396,mikuni,20,1572895877,81,36.22,136.15,8.0,1.5
397,zafarabad,0,1572895877,45,40.39,67.82,3.14,2.35
398,hargeysa,19,1572895877,67,9.56,44.06,18.64,4.97
399,nizhnyaya tavda,36,1572895877,78,57.67,66.17,-5.47,5.54
400,muros,75,1572895878,87,42.77,-9.06,16.11,2.1
401,umm lajj,0,1572895878,36,25.02,37.27,24.36,1.99
402,takoradi,0,1572895878,83,4.89,-1.75,27.22,4.2
403,bonnyville,75,1572895878,53,54.27,-110.74,-4.0,1.5
404,najran,32,1572895879,30,17.54,44.22,22.0,3.1
405,kungurtug,0,1572895879,78,50.6,97.53,-4.85,0.64
406,vila franca do campo,40,1572895721,72,37.72,-25.43,17.0,3.6
407,norman wells,75,1572895879,92,65.28,-126.83,-7.0,6.2
408,cap malheureux,40,1572895880,88,-19.98,57.61,23.89,5.1
409,katherine,90,1572895880,69,-14.47,132.26,26.0,6.2
410,hoopstad,0,1572895880,19,-27.83,25.91,20.93,2.76
411,kashan,0,1572895880,62,33.99,51.44,13.0,0.5
412,vilyuysk,81,1572895881,97,63.75,121.63,-17.54,2.88
413,ambunti,100,1572895881,95,-4.22,142.82,23.08,0.72
414,bar-le-duc,100,1572895881,76,48.77,5.16,11.0,6.7
415,koumac,76,1572895881,61,-20.56,164.28,22.47,2.22
416,tilichiki,100,1572895881,98,60.47,166.1,0.74,5.97
417,viedma,66,1572895882,22,-40.81,-62.99,18.89,6.09
418,duverge,20,1572895882,58,18.38,-71.52,31.0,6.2
419,byron bay,24,1572895882,100,-28.65,153.62,22.22,1.26
420,deming,1,1572895883,15,32.27,-107.76,24.0,4.6
421,portmore,20,1572895883,58,17.97,-76.87,31.0,8.2
422,huanan,69,1572895884,35,46.24,130.56,0.28,3.25
423,the pas,90,1572895596,56,53.82,-101.24,-9.0,7.7
424,pilar,75,1572895884,88,-34.46,-58.91,22.78,3.1
425,slobodskoy,100,1572895884,97,58.73,50.18,3.15,4.94
426,ishigaki,90,1572895884,73,24.34,124.16,24.16,13.36
427,orlik,75,1572895885,100,53.95,17.74,10.56,2.1
428,ust-ilimsk,100,1572895885,73,57.96,102.73,-8.57,1.84
429,marystown,6,1572895885,2,47.17,-55.16,8.33,1.79
430,moussoro,0,1572895885,10,13.64,16.49,31.1,3.05
431,araouane,24,1572895886,15,18.9,-3.53,29.59,4.28
432,ust-barguzin,100,1572895886,67,53.41,109.03,-5.29,3.75
433,arlit,0,1572895886,12,18.74,7.39,30.98,3.69
434,havoysund,75,1572895886,80,71.0,24.66,2.0,13.9
435,miyako,7,1572895887,87,33.63,130.94,10.56,1.0
436,fayaoue,47,1572895887,80,-20.65,166.53,22.95,6.11
437,wellington,0,1572895711,87,-41.29,174.78,14.0,12.3
438,becicherecu mic,20,1572895888,93,45.83,21.05,13.89,2.1
439,makat,0,1572895888,61,47.65,53.35,-2.5,3.9
440,palauig,100,1572895888,78,15.44,119.9,24.85,2.99
441,flin flon,90,1572895889,56,54.77,-101.88,-10.0,7.2
442,san patricio,98,1572895889,52,-26.98,-56.83,31.1,4.08
443,bermejo,62,1572895889,47,-22.73,-64.34,30.31,2.09
444,ust-karsk,86,1572895889,69,52.71,118.82,-11.63,2.14
445,vanavara,42,1572895889,92,60.35,102.28,-18.06,0.88
446,drayton valley,100,1572895708,95,53.22,-114.98,-0.95,2.93
447,acajutla,20,1572895890,66,13.59,-89.83,30.0,2.68
448,takaka,0,1572895891,88,-40.86,172.81,19.44,3.13
449,portland,20,1572895631,45,43.66,-70.25,10.56,6.2
450,pontiac,40,1572895891,57,42.64,-83.29,12.22,6.2
451,angoche,15,1572895891,93,-16.23,39.91,24.17,1.97
452,monrovia,40,1572895892,88,6.33,-10.8,27.0,2.81
453,kilindoni,0,1572895892,75,-7.91,39.67,27.53,4.89
454,frontera comalapa,12,1572895892,69,15.66,-92.14,20.5,2.29
455,pitimbu,40,1572895893,65,-7.47,-34.81,28.0,5.7
456,richards bay,83,1572895678,77,-28.77,32.06,21.38,5.27
457,esperance,23,1572895717,93,-33.86,121.89,10.0,2.1
458,fernie,75,1572895893,65,49.5,-115.06,5.0,1.0
459,cayenne,85,1572895893,66,4.94,-52.33,31.0,5.7
460,qasigiannguit,40,1572895894,48,68.82,-51.19,-7.0,2.1
461,ghanzi,33,1572895894,30,-21.7,21.65,27.03,2.96
462,harper,1,1572895881,50,30.3,-99.24,26.11,5.7
463,antalaha,92,1572895895,78,-14.9,50.28,25.53,2.83
464,diu,4,1572895895,70,20.71,70.98,27.22,3.76
465,wainwright,100,1572895812,49,52.84,-110.86,-2.32,2.33
466,kruisfontein,52,1572895895,89,-34.0,24.73,13.22,4.01
467,antigonish,20,1572895896,78,45.62,-61.99,9.44,4.6
468,camacha,40,1572895896,73,33.08,-16.33,22.0,7.7
469,sioux lookout,90,1572895896,79,50.1,-91.92,-3.0,5.7
470,nanortalik,100,1572895896,79,60.14,-45.24,1.81,22.38
471,canberra,90,1572895806,70,-35.3,149.1,9.0,2.6
472,sandwick,99,1572895815,89,54.57,-2.89,9.44,5.76
473,mahon,75,1572895897,87,51.89,-8.4,9.0,7.7
474,palmas,20,1572895702,44,-10.18,-48.33,34.0,3.1
475,nuuk,90,1572895685,59,64.17,-51.74,0.0,5.7
476,fort beaufort,14,1572895898,95,-32.78,26.63,12.15,2.21
477,gualeguay,34,1572895899,83,-33.15,-59.31,24.0,2.36
478,concarneau,100,1572895899,93,47.88,-3.92,13.33,5.1
479,kloulklubed,90,1572895899,83,7.04,134.26,26.0,8.7
480,curvelo,72,1572895900,52,-18.76,-44.43,27.28,1.63
481,laranjeiras,3,1572895900,62,-10.8,-37.17,29.0,8.7
482,evensk,100,1572895880,82,61.92,159.24,-3.04,6.08
483,am timan,0,1572895901,37,11.04,20.28,25.53,0.95
484,nador,18,1572895901,77,35.17,-2.93,19.0,7.7
485,mackay,90,1572895901,100,53.65,-115.58,0.0,2.6
486,manthani,1,1572895901,85,18.65,79.67,22.78,1.76
487,vagur,98,1572895902,71,61.47,-6.81,5.26,9.84
488,korcula,20,1572895902,82,42.96,17.14,13.0,1.0
489,sinnamary,43,1572895902,81,5.38,-52.96,28.06,7.85
490,owando,52,1572895902,96,-0.49,15.91,21.84,0.12
491,palora,75,1572895902,94,-1.7,-77.97,26.0,1.5
492,cedar city,1,1572895903,14,37.68,-113.06,14.0,1.5
493,leh,0,1572895903,54,34.16,77.58,-4.63,1.45
494,daru,2,1572895903,80,-9.07,143.21,24.88,2.8
495,bereda,20,1572895903,71,43.27,-7.54,12.22,5.1
496,beyneu,0,1572895903,61,45.32,55.19,-0.46,3.31
497,san quintin,59,1572895904,90,17.54,120.52,23.32,1.66
498,leningradskiy,2,1572895904,74,69.38,178.42,-7.57,2.44
499,general roca,67,1572895904,14,-39.03,-67.58,21.0,9.8
500,zaragoza,40,1572895741,59,13.59,-89.29,32.0,2.1
501,yen bai,93,1572895905,76,21.7,104.87,19.78,0.34
502,kovylkino,99,1572895905,73,54.04,43.91,4.1,7.63
503,constitucion,40,1572895905,43,23.99,-104.67,22.0,2.1
504,comodoro rivadavia,75,1572895750,20,-45.87,-67.48,19.0,10.8
505,fare,19,1572895906,76,-16.7,-151.02,26.99,3.14
506,nakapiripirit,86,1572895906,45,1.81,34.71,25.26,3.99
507,moosburg,75,1572895906,93,46.66,14.17,9.44,0.5
508,yeniseysk,59,1572895906,81,58.45,92.17,-6.82,1.67
509,albolote,75,1572895906,67,37.23,-3.66,17.22,1.5
510,boddam,75,1572895907,87,57.47,-1.78,8.0,5.7
511,novopokrovka,60,1572895907,81,49.84,36.56,11.0,6.0
512,chapais,20,1572895907,88,49.78,-74.86,0.0,4.6
513,bonthe,0,1572895907,82,7.53,-12.5,26.56,2.59
514,holme,100,1572895908,93,56.11,10.17,7.0,6.2
515,mehamn,75,1572895908,80,71.03,27.85,2.0,14.4
516,lata,0,1572895908,44,30.78,78.62,-4.73,1.47
517,mogzon,100,1572895909,64,51.74,111.97,-9.09,1.3
518,pyaozerskiy,72,1572895909,73,65.83,31.17,-4.23,5.8
519,bonfim,29,1572895724,42,3.36,-59.84,34.52,4.8
520,shu,100,1572895910,79,43.6,73.76,2.57,1.62
521,ambovombe,0,1572895910,97,-25.18,46.09,20.12,2.44
522,tiznit,97,1572895910,91,29.7,-9.73,13.8,2.09
523,balabac,95,1572895910,77,7.99,117.06,28.0,6.18
524,teguise,20,1572895910,73,29.06,-13.56,22.0,3.1
525,kokopo,100,1572895911,91,-4.34,152.27,25.1,13.2
526,glenwood springs,1,1572895911,31,39.55,-107.33,11.11,9.3
527,gebre guracha,0,1572895911,65,9.8,38.4,13.75,2.17
528,porto nacional,20,1572895911,44,-10.7,-48.41,34.0,3.1
529,basoko,78,1572895912,91,1.23,23.61,21.29,0.8
530,pathein,93,1572895912,91,16.78,94.73,24.25,1.95
531,bilma,0,1572895912,17,18.69,12.92,26.3,2.75
532,temerloh,100,1572895913,97,3.45,102.42,23.23,1.03
533,cabedelo,40,1572895913,65,-6.97,-34.84,28.0,5.7
534,ganta,89,1572895913,94,7.31,-8.54,21.52,0.72
535,punta cardon,96,1572895914,73,11.61,-70.22,29.12,11.45
536,la rioja,0,1572895914,26,-29.41,-66.86,26.38,2.67
537,sao joao da barra,0,1572895914,49,-21.64,-41.05,32.0,2.1
538,rio gallegos,75,1572895915,32,-51.62,-69.22,13.0,13.4
539,hastings,0,1572895915,67,-39.64,176.84,17.5,1.56
540,pimenteiras,99,1572895915,43,-6.24,-41.42,29.51,1.74
541,yining,0,1572895915,79,29.04,114.56,9.71,0.55
542,gornopravdinsk,100,1572895916,76,60.06,69.92,-5.02,6.51
543,santa isabel do rio negro,67,1572895916,59,-0.41,-65.02,31.71,0.95
544,bar harbor,1,1572895916,45,44.39,-68.2,10.0,5.7
545,frontera,75,1572895917,78,18.53,-92.64,28.0,4.1
546,san marcos,20,1572895917,49,14.97,-91.79,33.0,4.1
547,malindi,40,1572895917,83,-3.22,40.12,27.0,2.6
548,llanes,0,1572895917,65,43.42,-4.75,13.33,12.3
549,xuddur,100,1572895918,80,4.12,43.89,24.26,0.82
550,inongo,50,1572895918,88,-1.93,18.29,23.04,0.88
551,boguchany,100,1572895918,87,58.38,97.46,-8.58,1.59
552,moree,48,1572895919,67,-29.46,149.84,15.0,8.2
553,elk city,1,1572895919,39,35.41,-99.4,17.0,5.1
554,hami,93,1572895919,27,42.84,93.51,7.85,0.37
555,at-bashi,100,1572895919,89,41.17,75.81,-6.38,1.22
556,saint-ambroise,75,1572895920,51,48.56,-71.32,4.0,2.6
557,sarkand,100,1572895720,85,45.41,79.91,4.91,4.33
558,hirara,100,1572895920,70,24.8,125.28,24.53,11.68
